{
  "sum": [
    {
      "lane": 1,
      "pinIndex": null,
      "x": 0.19202757185589803,
      "y": 0.20901130025143783,
      "w": 0.07907400182078295,
      "h": 0.17016849224010866
    }
  ],
  "laneSum": [
    {
      "lane": 1,
      "pinIndex": null,
      "x": 0.3439328911431916,
      "y": 0.21640993034883385,
      "w": 0.0738717648588893,
      "h": 0.10173116383919542
    }
  ],
  "throws": [],
  "fallenPins": [],
  "time": [
    {
      "lane": 1,
      "pinIndex": null,
      "x": 0.18058265053973208,
      "y": 0.5382503395855611,
      "w": 0.13837950318637013,
      "h": 0.1775671223375047
    },
    {
      "lane": 2,
      "pinIndex": null,
      "x": 0.4146833138249447,
      "y": 0.5992890378890784,
      "w": 0.1154896605540382,
      "h": 0.15907054709401458
    }
  ],
  "pins": [
    {
      "lane": 1,
      "pinIndex": 7,
      "x": 0.4261282351411107,
      "y": 0.3588335597237074,
      "w": 0.08531668617505522,
      "h": 0.1664691771914107
    },
    {
      "lane": 2,
      "pinIndex": 7,
      "x": 0.6539862140720509,
      "y": 0.3773301349671975,
      "w": 0.06346729093510217,
      "h": 0.253403080835814
    },
    {
      "lane": 2,
      "pinIndex": 2,
      "x": 0.586357133567434,
      "y": 0.2034623276783908,
      "w": 0.1102874235921446,
      "h": 0.1017311638391954
    }
  ]
}